company,Rating,Discount,DiscountPrice,MRP,reviews,ScreenSize,Edition,SoundOutput,Warranty
XIAOMI,4,42,57890,99990,233.625,165 cm (65 inch),2025,34 W,Unknown
Thomson,4.3,37,43999,69999,0,164 cm (65 inch),2025,70 W,1 Year
Thomson,4.3,55,4499,9999,6,Unknown,2023,20 W,1 Year
TCL,4.1,55,44490,98990,24,139 cm (55 inch),2025,40 W,Unknown
Thomson,4.3,36,31999,49999,0,139 cm (55 inch),2025,70 W,1 Year
Thomson,4.3,52,61999,129999,0,189 cm (75 inch),2025,70 W,1 Year
Samsung,4.3,36,11999,18900,7,Unknown,2022,20 W,1 Year
Samsung,4.3,21,13990,17900,7,80 cm (32 inch),2025,20 W,2 Year
realme,4.3,58,9999,23999,1,80 cm (32 inch),2025,26 W,1 Year
LG,4.4,53,22999,49990,2,108 cm (43 inch),2023,20 W,1 Year
TCL,4,56,25990,59990,233.625,108 cm (43 inch),2025,24 W,Unknown
LG,4.4,37,28990,46090,2,108 cm (43 inch),2025,20 W,1-Year
iFFALCON,4.1,62,24999,66599,233.625,138 cm (55 inch),2025,24 W,1 Year
iFFALCON,4.1,63,18499,50990,233.625,108 cm (43 inch),2025,24 W,1 Year
BESTON,3.8,61,6999,17999,233.625,80 cm (32 inch),2025,20 W,2 Year
BESTON,3.8,65,20999,59999,178,140 cm (55 inch),2025,30 W,2 Year
LG,4.4,43,36589,64490,2,126 cm (50 inch),2025,20 W,1-Year
Thomson,4.3,55,7999,17999,21,80 cm (32 inch),2023,30 W,1 Year
MarQ,4.1,66,4999,15000,233.625,60 cm (24 inch),2024,20 W,Unknown
SONY,4.6,36,57990,91900,3,8 cm (55 inch),2025,20 W,1 Year
MOTOROLA,4.3,61,10490,26999,1,80 cm (32 inch),2025,40 W,1 year
XIAOMI,4,51,12999,26999,233.625,80 cm (32 inch),2025,20 W,1 year
BESTON,3.8,50,11999,23999,233.625,109 cm (43 inch),2025,20 W,2 Year
BESTON,3.8,45,10999,19999,233.625,101 cm (40 inch),2025,20 W,2 Year
TCL,4,63,33990,93990,233.625,139 cm (55 inch),2025,24 W,Unknown
Thomson,4,47,6299,11999,233.625,60 cm (24 inch),2025,24 W,1 Year
LG,4.4,34,13990,21240,5,80 cm (32 inch),2025,10 W,1-Year
LG,4.3,26,15490,20990,1,80 cm (32 inch),2025,20 W,1-Year
iFFALCON,4.1,57,8499,19990,233.625,80 cm (32 inch),2025,16 W,1 Year
realme,4.3,53,22499,48799,1,109 cm (43 inch),2025,40 W,Unknown
Samsung,4.3,47,34999,67200,4,138 cm (55 inch),2023,20 W,2 Year
Thomson,4.1,47,5499,10499,3,60 cm (24 inch),2025,20 W,1 Year
XIAOMI,4,44,24999,44999,233.625,108 cm (43 inch),2025,30 W,1 year
TCL,4.1,61,37990,98990,196,139 cm (55 inch),2025,35 W,Unknown
iFFALCON,4.1,55,14999,33990,233.625,100 cm (40 inch),2025,20 W,1 Year
Samsung,4.3,31,28490,41300,4,108 cm (43 inch),2025,20 W,2 Year
Samsung,4.3,28,40490,57000,4,138 cm (55 inch),2025,20 W,2 Year
SONY,4.6,29,38490,54900,3,108 cm (43 inch),2025,20 W,1 Year
TCL,4,43,12990,22990,233.625,80 cm (32 inch),2025,24 W,1 Year
XIAOMI,4.3,43,21499,37999,6,108 cm (43 inch),2025,24 W,1 year
Samsung,4.3,46,32999,61600,4,138 cm (55 inch),2024,20 W,2 Year
Infinix,4.2,50,8499,16999,6,80 cm (32 inch),2024,16 W,1 Year
TCL,4.1,60,47990,119990,61,139 cm (55 inch),2025,40 W,Unknown
Thomson,4.3,63,21999,59999,5,139 cm (55 inch),2022,40 W,1 Year
Samsung,4.3,29,27990,39500,1,108 cm (43 inch),2025,20 W,2 Year
Reliance,3.8,60,7990,19990,82,80 cm (32 inch),2025,24 W,1 Year
realme,4.3,56,28499,65399,1,139 cm (55 inch),2025,40 W,1 year
Coocaa,4.1,45,7699,13999,2,80 cm (32 inch),2025,30 W,1 Year
realme,4.4,51,19499,40499,233.625,109 cm (43 inch),2025,40 W,Unknown
XIAOMI,4.3,52,11999,24999,6,80 cm (32 inch),2024,20 W,1 Year
realme,4.3,54,26999,58899,1,126 cm (50 inch),2025,40 W,1 year
Coocaa,4,58,22999,54999,80,138 cm (55 inch),2025,20 W,1 Year
XIAOMI,4,35,28999,44999,233.625,108 cm (43 inch),2025,30 W,Unknown
TOSHIBA,4.3,47,25799,48999,1,126 cm (50 inch),2024,24 W,1 Year
Blaupunkt,4.4,31,13799,19999,3,100 cm (40 inch),2025,48 W,1 Year
Thomson,4.3,42,15499,26999,21,108 cm (43 inch),2023,30 W,1 Year
XIAOMI,4.3,35,19999,30999,6,108 cm (43 inch),2025,20 W,1 year
TOSHIBA,4.3,46,37799,69999,233.625,139 cm (55 inch),2025,24 W,Unknown
XIAOMI,4.3,33,29999,44999,6,125 cm (50 inch),2025,30 W,Unknown
MOTOROLA,4.3,52,41999,88399,1,165 cm (65 inch),2025,48 W,1 year
TCL,4,53,53999,116990,233.625,164 cm (65 inch),2025,24 W,Unknown
Foxsky,4,61,4999,12999,233.625,60 cm (24 inch),2023,30 W,1-Year
MOTOROLA,4.3,54,22499,49699,1,109 cm (43 inch),2025,48 W,1 year
LG,4.4,38,40590,66290,2,139 cm (55 inch),2025,20 W,1-Year
Uniboom,4,75,4991,19990,233.625,60 cm (24 inch),2025,30 W,1 Year
XIAOMI,4,44,14999,26999,233.625,80 cm (32 inch),2025,20 W,Unknown
Samsung,4.3,39,22490,37200,233.625,108 cm (43 inch),2023,20 W,1 Year
PHILIPS,4,14,22999,26999,188,108 cm (43 inch),2025,30 W,1 Year
TCL,4,61,68999,179990,233.625,189 cm (75 inch),2025,30 W,Unknown
Uniboom,4,73,5991,22990,233.625,60 cm (24 inch),2025,30 W,1 Year
PHILIPS,4.1,52,10999,22999,233.625,80 cm (32 inch),2025,24 W,1 Year
iFFALCON,4.2,59,55999,139990,42,189 cm (75 inch),2025,30 W,1 Year
Thomson,4.1,39,21999,36499,233.625,126 cm (50 inch),2025,48 W,1 Year
TCL,4,58,45990,109990,156,139 cm (55 inch),2025,40 W,Unknown
SONY,4.6,28,51990,72900,3,7 cm (50 inch),2025,20 W,1 Year
MarQ,4.2,71,12999,45990,233.625,109 cm (43 inch),2023,24 W,Unknown
Thomson,4.1,56,6999,15999,4,80 cm (32 inch),2025,20 W,1 Year
XIAOMI,4.3,34,24999,37999,6,108 cm (43 inch),2025,30 W,Unknown
XIAOMI,4.3,34,31999,48999,6,68 cm (55 inch),2025,30 W,1 year
Acer,3.8,64,13999,38999,32,3 cm (40 inch),2025,26 W,1 Year
LG,4.4,44,39990,71990,2,139 cm (55 inch),2023,20 W,1 Year
Infinix,3.9,20,17499,21999,233.625,109 cm (43 inch),2024,40 W,1 Year
TCL,4,53,29990,64990,233.625,126 cm (50 inch),2025,24 W,Unknown
Foxsky,4.1,66,7499,22499,2,80 cm (32 inch),2023,30 W,1-Year
XIAOMI,4.3,51,21999,44999,6,125 cm (50 inch),2023,30 W,1 Year
LG,4.4,40,62990,105990,2,164 cm (65 inch),2025,20 W,1-Year
XIAOMI,4,47,32999,62999,233.625,138 cm (55 inch),2025,34 W,1 year
Blaupunkt,4.2,46,21499,39999,68,126 cm (50 inch),2025,48 W,1 Year
TCL,4,66,94999,201562.5,156,189 cm (75 inch),2025,40 W,Unknown
TCL,4.1,60,66990,169990,61,164 cm (65 inch),2025,40 W,Unknown
Coocaa,4.2,45,7699,13999,2,80 cm (32 inch),2025,20 W,1 Year
TCL,4,55,63999,143990,156,164 cm (65 inch),2025,40 W,Unknown
TOSHIBA,4.3,55,35499,79999,233.625,139 cm (55 inch),2024,49 W,Unknown
iFFALCON,4.1,57,26999,62990,233.625,126 cm (50 inch),2025,24 W,1 Year
BESTON,3.8,68,15999,49999,178,109 cm (43 inch),2025,30 W,2 Year
PHILIPS,4,26,32999,44999,188,138 cm (55 inch),2025,30 W,1 Year
Foxsky,4.2,69,7999,26499,1,80 cm (32 inch),2024,30 W,1-Year
Infinix,3.9,38,15499,24999,233.625,109 cm (43 inch),2024,40 W,1 Year
SONY,4.6,48,66990,128900,3,9 cm (65 inch),2024,20 W,1 Year
KODAK,4.1,50,7499,14999,1,80 cm (32 inch),2024,30 W,1 Year
Samsung,4.1,36,47990,75500,147,138 cm (55 inch),2025,20 W,2 Year
Samsung,4.3,35,37990,58900,4,125 cm (50 inch),2024,20 W,2 Year
Reliance,3.8,56,6490,14990,82,60 cm (24 inch),2025,20 W,1 Year
Thomson,4.3,31,19999,28999,5,108 cm (43 inch),2025,50 W,1 Year
MarQ,4.2,61,7999,21000,233.625,80 cm (32 inch),2023,24 W,Unknown
acerpure,3.9,58,20999,50990,118,108 cm (43 inch),2025,30 W,1 Year
Foxsky,4.2,73,34999,130990,1,165 cm (65 inch),2024,30 W,1-Year
Hisense,4.1,57,10999,25999,134,80 cm (32 inch),2025,30 W,1 Year
acerpure,3.9,63,40999,110990,118,164 cm (65 inch),2025,50 W,1 Year
Foxsky,4.2,74,24999,98990,1,139 cm (55 inch),2024,30 W,1-Year
Blaupunkt,4.4,36,28999,45999,3,139 cm (55 inch),2025,70 W,1 Year
Acer,3.8,60,26999,67999,3,127 cm (50 inch),2025,24 W,1 Year
Coocaa,4.2,46,21499,39999,107,108 cm (43 inch),2025,30 W,1 Year
Uniboom,4,75,6995,28990,14,80 cm (32 inch),2025,30 W,1 Year
XIAOMI,4.3,64,17999,49999,2,108 cm (43 inch),2023,30 W,1 Year
Blaupunkt,4.4,39,25499,41999,3,126 cm (50 inch),2025,50 W,1 Year
Uniboom,4,68,12990,40990,233.625,108 cm (43 inch),2025,30 W,1 Year
Infinix,3.8,41,9999,16999,18,80 cm (32 inch),2025,16 W,1 year
Blaupunkt,4.4,56,9999,22999,3,80 cm (32 inch),2025,48 W,1 Year
Foxsky,4,64,6999,19990,233.625,80 cm (32 inch),2023,30 W,1-Year
Samsung,4.3,27,39990,55200,1,138 cm (55 inch),2025,20 W,2 Year
Samsung,4.6,61,112839.75,201562.5,0,189 cm (75 inch),2022,70 W,1 Year
Samsung,4.3,29,59990,85600,1,163 cm (65 inch),2025,20 W,2 Year
Samsung,4.1,26,36990,50600,147,108 cm (43 inch),2025,20 W,2 Year
XIAOMI,4.3,28,34999,48999,6,138 cm (55 inch),2025,34 W,Unknown
Haier,4.2,35,32990,51490,48,108 cm (43 inch),2025,19 W,1 year
realme,4.4,51,38699,80199,59,165 cm (65 inch),2025,40 W,Unknown
Kenstar,4.4,62,16999,44999,26,109 cm (43 inch),2025,24 W,1 year
realme,4.3,53,26699,57999,70,140 cm (55 inch),2024,40 W,Unknown
Thomson,4.3,57,35999,84999,5,164 cm (65 inch),2022,40 W,1 Year
Thomson,4.3,39,24999,40999,5,126 cm (50 inch),2025,48 W,1 Year
KODAK,4.3,43,15190,26999,7,108 cm (43 inch),2023,30 W,1 Year
TCL,4,55,26490,59990,20,126 cm (50 inch),2025,24 W,1 Year
PHILIPS,4,30,37999,54999,188,138 cm (55 inch),2025,50 W,1 Year
Vu,4,24,48990,64500,95,164 cm (65 inch),2025,24 W,1 Year
Haier,4.3,35,25990,39990,32,109 cm (43 inch),2025,20 W,1 Year
Vu,4,34,27699,42000,95,126 cm (50 inch),2025,24 W,1 Year
InnoQ,4,73,5990,22990,1,60 cm (24 inch),2024,30 W,1 Year
TCL,4.1,51,26599,54990,46,108 cm (43 inch),2025,30 W,Unknown
Reliance,3.8,50,14990,29999,2,108 cm (43 inch),2025,20 W,1 Year
KODAK,4.3,43,13499,23999,7,100 cm (40 inch),2024,30 W,1 Year
Acer,3.9,61,23999,62999,1,127 cm (50 inch),2024,36 W,1 Year
TCL,4.2,61,30990,79990,233.625,139 cm (55 inch),2024,35 W,Unknown
InnoQ,4,67,11490,34990,1,102 cm (40 inch),2024,30 W,1 Year
TCL,4.1,55,35990,80990,46,139 cm (55 inch),2025,35 W,Unknown
Acer,4,53,35999,77999,233.625,7 cm (55 inch),2024,80 W,1 Year
Acer,3.9,47,11999,22999,1,01 cm (32 inch),2024,30 W,1 Year
TOSHIBA,4,53,11999,25999,52,80 cm (32 inch),2025,30 W,Unknown
SONY,4.6,22,26990,34900,144,80 cm (32 inch),2024,20 W,1 Year
Hisense,4.2,46,28999,53999,233.625,126 cm (50 inch),2025,48 W,1 Year
MOTOROLA,4.4,53,34999,75499,105,140 cm (55 inch),2024,20 W,1 year
Coocaa,4.2,42,39999,69999,107,164 cm (65 inch),2025,30 W,1 Year
realme,4.4,51,26999,56199,233.625,126 cm (50 inch),2025,30 W,1 year
realme,4.4,55,38699,86599,233.625,165 cm (65 inch),2025,40 W,Unknown
TCL,4.1,60,50990,129990,46,164 cm (65 inch),2025,35 W,Unknown
Acer,3.9,63,13999,37999,1,3 cm (40 inch),2024,30 W,1 Year
Acer,3.9,63,28999,78999,233.625,7 cm (55 inch),2025,36 W,1 Year
TOSHIBA,4.1,52,21999,45999,233.625,108 cm (43 inch),2024,24 W,Unknown
Haier,4.2,40,45490,75990,48,139 cm (55 inch),2025,30 W,1 year
Panasonic,4.1,18,15490,18990,134,80 cm (32 inch),2025,20 W,1 year
KODAK,4.1,37,6299,9999,1,60 cm (24 inch),2024,20 W,1 Year
TCL,4.2,80,49999,201562.5,1,189 cm (75 inch),2024,24 W,Unknown
BESTON,3.8,56,9999,22999,178,80 cm (32 inch),2025,30 W,2 Year
TCL,4,67,64990,199990,233.625,189 cm (75 inch),2025,30 W,Unknown
MOTOROLA,4.3,36,16999,26699,233.625,102 cm (40 inch),2023,20 W,1 year
KODAK,4.3,42,18439,31999,1,108 cm (43 inch),2024,40 W,1 Year
KODAK,4.3,54,22999,49999,1,126 cm (50 inch),2022,40 W,1 Year
acerpure,4,60,10299,25990,1,80 cm (32 inch),2025,30 W,1 Year
TCL,4,58,46990,112490,233.625,164 cm (65 inch),2025,24 W,Unknown
Sansui,4.2,48,17967,34990,233.625,102 cm (40 inch),2023,20 W,1 Year
Haier,4.2,60,29999,75990,6,140 cm (55 inch),2023,24 W,1 Year
realme,4.2,48,21999,42399,222,109 cm (43 inch),2024,40 W,Unknown
realme,4.4,57,27699,65399,233.625,140 cm (55 inch),2025,40 W,Unknown
Foxsky,4.2,52,16499,34990,1,109 cm (43 inch),2024,30 W,1-Year
TCL,4,60,89990,201562.5,2,83 cm (65 inch),2025,20 W,Unknown
InnoQ,4,75,4990,19990,1,60 cm (24 inch),2024,30 W,1 Year
KODAK,4.3,55,37999,84999,1,164 cm (65 inch),2022,40 W,1 Year
ONIDA,4.2,42,11810,20490,127,80 cm (32 inch),2024,20 W,1 Year
Samsung,4.3,37,26990,43200,4,108 cm (43 inch),2024,20 W,2 Year
TCL,4.1,69,76999,201562.5,196,189 cm (75 inch),2025,35 W,Unknown
Blaupunkt,4.4,34,56999,86999,8,164 cm (65 inch),2025,108 W,1 Year
Acer,3.8,60,24999,63999,32,127 cm (50 inch),2025,36 W,1 Year
Samsung,4.3,28,60990,85600,4,163 cm (65 inch),2025,20 W,2 Year
TOSHIBA,4.2,54,11499,24999,1,80 cm (32 inch),2025,20 W,Unknown
skylive,4.1,55,11215,24999,0,6 cm (40 inch),2024,20 W,Unknown
TCL,4.2,71,34990,120990,1,139 cm (55 inch),2024,35 W,Unknown
Haier,4.5,38,35000,56990,6,108 cm (43 inch),2023,20 W,1 Year
Haier,4.3,57,11990,28390,19,80 cm (32 inch),2025,16 W,1 year
Infinix,3.9,32,36999,54999,10,165 cm (65 inch),2025,48 W,1 year
Hisense,4.1,53,49999,107999,17,5 cm (55 inch),2025,49 W,Unknown
Acer,3.9,56,18999,43999,1,108 cm (43 inch),2024,30 W,1 Year
LG,4.3,44,13990,24990,1,80 cm (32 inch),2020,10 W,1 Year
TCL,4.2,58,25490,61990,233.625,108 cm (43 inch),2024,30 W,Unknown
TOSHIBA,4.1,38,32999,53999,233.625,139 cm (55 inch),2025,24 W,Unknown
TOSHIBA,4,48,18499,35999,52,108 cm (43 inch),2025,30 W,Unknown
Sansui,4.2,44,11990,21490,4,80 cm (32 inch),2024,20 W,1 Year
Samsung,4.1,30,79990,115100,147,163 cm (65 inch),2025,20 W,2 Year
Uniboom,4,70,6995,23990,233.625,80 cm (32 inch),2025,30 W,1 Year
Daiwa,4.2,55,7999,17990,233.625,80 cm (32 inch),2024,20 W,1 year
REDMI,4.2,52,11999,24999,233.625,80 cm (32 inch),2024,20 W,1 Year
Blaupunkt,4,34,32999,49999,4,139 cm (55 inch),2025,80 W,1 Year
realme,4.4,59,26699,65399,59,140 cm (55 inch),2025,40 W,Unknown
MOTOROLA,4.3,74,30399,119980,233.625,140 cm (55 inch),2023,20 W,1 year
Daiwa,4.1,64,16599,46999,96,109 cm (43 inch),2024,24 W,1 Year
TCL,3.9,41,12299,20990,3,97 cm (32 inch),2025,16 W,1 Year
Thomson,4.3,42,18399,31999,5,108 cm (43 inch),2024,40 W,1 Year
Sansui,4.2,52,18999,39990,233.625,109 cm (43 inch),2023,20 W,1 Year
Blaupunkt,4.4,40,15998,26999,3,108 cm (43 inch),2023,48 W,1 Year
Reliance,3.8,50,6439,12990,82,60 cm (24 inch),2025,24 W,1 Year
TCL,4.2,74,64990,201562.5,233.625,189 cm (75 inch),2024,35 W,Unknown
Uniboom,4,73,5995,22990,14,60 cm (24 inch),2025,30 W,1 Year
Acer,4.2,52,23999,49999,233.625,127 cm (50 inch),2023,36 W,1 Year
Acer,3.9,55,17999,39999,1,108 cm (43 inch),2024,30 W,1 Year
HUIDI,4.2,46,10999,58444.5,12,Unknown,2024,10 W,Unknown
Acer,3.8,59,20999,51990,3,108 cm (43 inch),2025,20 W,1 Year
KODAK,4.3,52,9499,19999,1,80 cm (32 inch),2024,48 W,1 Year
LG,4.4,46,60990,114990,2,164 cm (65 inch),2023,20 W,1 Year
ZEBRONICS,3.9,61,8959,22999,0,80 cm (32 inch),2024,20 W,1 Year
Hisense,4.2,47,41999,79999,233.625,164 cm (65 inch),2024,24 W,1 Year
Kenstar,4.4,59,22299,54999,26,127 cm (50 inch),2025,24 W,1 year
Hisense,4.3,55,44999,99999,233.625,164 cm (65 inch),2025,20 W,Unknown
Reliance,4,61,17490,44990,35,109 cm (43 inch),2025,24 W,1 Year
realme,4.4,52,26699,56199,45,127 cm (50 inch),2024,30 W,Unknown
IMPEX,3.9,61,13907,35990,12,109 cm (43 inch),2024,20 W,1 Year
Foxsky,4.1,74,24999,97990,2,139 cm (55 inch),2023,30 W,1-Year
Samsung,4.4,52,10989,22900,5,80 cm (32 inch),2020,20 W,2 Year
Hisense,4.3,56,25999,59999,233.625,126 cm (50 inch),2023,24 W,Unknown
Sansui,4.2,45,26689,48690,233.625,127 cm (50 inch),2023,20 W,1 Year
Panasonic,4.3,34,32150,48990,56,127 cm (50 inch),2025,20 W,1 year
Blaupunkt,4.4,42,13799,23999,3,100 cm (40 inch),2023,48 W,1 Year
Blaupunkt,4.2,36,25999,40999,68,139 cm (55 inch),2025,48 W,1 Year
Blaupunkt,4.4,54,22999,49999,3,Unknown,2022,60 W,1 Year
Samsung,3.9,37,79990,128900,8,189 cm (75 inch),2025,20 W,2 Year
Hisense,4.3,53,27999,59999,233.625,126 cm (50 inch),2025,20 W,Unknown
MOTOROLA,4.4,53,50999,109999,105,165 cm (65 inch),2024,20 W,1 year
ONIDA,4.1,39,28569,46990,70,68 cm (55 inch),2024,24 W,1 Year
Hisense,4.2,44,24999,44999,233.625,8 cm (43 inch),2025,48 W,1 Year
Sansui,4.2,44,11990,21490,233.625,80 cm (32 inch),2023,20 W,1 Year
TCL,4.4,63,112839.75,201562.5,6,190 cm (75 inch),2025,60 W,Unknown
Uniboom,4,69,12599,40990,14,108 cm (43 inch),2025,30 W,1 Year
Hisense,4.2,52,21433,44990,233.625,108 cm (43 inch),2024,30 W,Unknown
TCL,4.2,58,40978,98990,12,164 cm (55 inch),2025,35 W,Unknown
Infinix,4.3,49,30399,59999,70,138 cm (55 inch),2022,36 W,1 Year
Bush,4.2,53,13823,29990,12,108 cm (43 inch),2025,12 W,1 Year
Hisense,4.2,58,49999,119999,47,164 cm (65 inch),2024,24 W,Unknown
MOTOROLA,4.2,56,10490,23899,233.625,80 cm (32 inch),2025,20 W,1 year
TCL,4.1,70,69999,201562.5,46,189 cm (75 inch),2025,35 W,Unknown
Bush,4.2,61,7769,19990,12,80 cm (32 inch),2025,20 W,1 Year
TCL,4.2,59,72990,179990,19,139 cm (55 inch),2025,60 W,Unknown
Acer,4.2,49,23517,46999,233.625,108 cm (43 inch),2024,30 W,1 Year
Samsung,4.3,36,37990,59800,1,138 cm (55 inch),2024,20 W,2 Year
Acer,4,36,13989,21990,2,01 cm (32 inch),2024,20 W,Unknown
Hisense,4.2,49,15290,29999,233.625,100 cm (40 inch),2025,20 W,1 Year
acerpure,4.2,57,29499,69990,233.625,139 cm (55 inch),2024,24 W,1 Year
Coocaa,4.2,50,39599,79990,110,164 cm (65 inch),2024,30 W,1 Year
ONIDA,4.1,39,27647,45990,70,139 cm (55 inch),2023,24 W,1 Year
Hisense,4.2,54,11439,24999,233.625,80 cm (32 inch),2024,30 W,1 Year
Acer,3.8,62,27999,73999,32,7 cm (55 inch),2025,36 W,1 Year
Blaupunkt,4.4,42,13799,23999,3,Unknown,2022,40 W,1 Year
Hisense,4.2,51,33999,69999,233.625,139 cm (55 inch),2025,48 W,Unknown
Samsung,4.3,33,37990,57000,1,125 cm (50 inch),2024,20 W,2 Year
TCL,4,61,112839.75,201562.5,6,189 cm (75 inch),2025,60 W,Unknown
Hisense,4.3,54,21199,46999,233.625,108 cm (43 inch),2023,24 W,Unknown
BESTON,3.9,52,7999,16999,12,80 cm (32 inch),2025,24 W,2 Year
Coocaa,4.2,36,37999,59999,110,164 cm (65 inch),2025,30 W,1 Year
Sansui,4.2,38,35990,58490,12,140 cm (55 inch),2025,30 W,1 Year
Acer,3.9,53,23999,51999,233.625,108 cm (43 inch),2025,30 W,1 Year
Reliance,4.5,50,29990,59990,2,140 cm (55 inch),2025,24 W,1 year
Acer,4,62,8999,23999,211,01 cm (32 inch),2024,24 W,Unknown
iFFALCON,4.2,51,47999,99990,42,164 cm (65 inch),2025,24 W,1 Year
Admiral,4.3,39,16600,27299,146,108 cm (43 inch),2024,20 W,Unknown
TOSHIBA,4.3,45,54999,99999,233.625,164 cm (65 inch),2025,24 W,Unknown
SONY,4.6,44,32990,59900,4,108 cm (43 inch),2023,20 W,1 Year
acerpure,4.1,56,21599,49990,233.625,108 cm (43 inch),2024,20 W,1 Year
MOTOROLA,4.3,57,20299,47899,220,108 cm (43 inch),2024,20 W,1 year
Blaupunkt,4.4,55,37799,84999,3,164 cm (65 inch),2022,60 W,1 Year
XIAOMI,4.3,43,20300,35999,6,108 cm (43 inch),2024,20 W,1 year
LG,4.4,42,28990,49990,2,108 cm (43 inch),2025,20 W,1-Year
Blaupunkt,4.4,54,27599,59999,3,139 cm (55 inch),2022,60 W,1 Year
ONIDA,3.8,44,13810,24990,0,80 cm (32 inch),2024,20 W,1 Year
iFFALCON,4.2,54,35999,79990,42,139 cm (55 inch),2025,24 W,1 Year
SONY,4.1,28,24890,34900,0,80 cm (32 inch),2024,20 W,Unknown
BESTON,3.8,55,35490,79999,178,1 cm (65 inch),2025,35 W,2 Year
Hisense,4.2,54,49999,109999,233.625,164 cm (65 inch),2023,24 W,Unknown
Hisense,4.2,47,46999,89999,233.625,164 cm (65 inch),2025,48 W,Unknown
Vu,4.2,46,10699,20000,233.625,80 cm (32 inch),2022,20 W,1 Year
KODAK,4.3,55,26499,59999,1,139 cm (55 inch),2022,40 W,1 Year
LG,4.4,30,47990,68990,43,108 cm (43 inch),2025,20 W,1-Year
KODAK,4.6,37,43999,69999,0,164 cm (65 inch),2025,70 W,1 Year
TCL,4.2,61,49990,128990,233.625,164 cm (65 inch),2024,35 W,Unknown
LG,4.6,44,13990,24990,4,80 cm (32 inch),2024,20 W,Unknown
Vu,4.4,44,22199,40000,3,108 cm (43 inch),2024,24 W,1 Year
TOSHIBA,4.3,57,74999,174999,233.625,189 cm (75 inch),2025,36 W,Unknown
TCL,4.2,57,91990,201562.5,19,164 cm (65 inch),2025,60 W,Unknown
SONY,4.5,55,112839.75,201562.5,12,8 cm (85 inch),2024,20 W,1 Year
SONY,4.6,32,36860,54900,3,108 cm (43 inch),2024,20 W,1 Year
SONY,4.6,23,41970,54900,13,108 cm (43 inch),2024,20 W,1 Year
Thomson,4.4,57,63608,149999,9,189 cm (75 inch),2020,30 W,1 Year
Sansui,4.2,49,19490,38499,12,109 cm (43 inch),2025,20 W,1 Year
Samsung,4.2,47,112839.75,201562.5,12,214 cm (85 inch),2025,20 W,1 Year
Haier,4.3,57,11900,27990,0,80 cm (32 inch),2023,10 W,1 Year
Vu,4.4,49,27699,55000,3,126 cm (50 inch),2024,24 W,1 Year
LG,4.4,44,39990,71990,2,139 cm (55 inch),2025,20 W,1-Year
XIAOMI,4.3,47,13049,24999,6,80 cm (32 inch),2023,20 W,1 Year
LG,3.8,32,19239,28490,0,Unknown,2025,20 W,1 YEAR
acerpure,4.1,61,41999,109990,233.625,164 cm (65 inch),2024,24 W,1 Year
Thomson,4.3,54,22999,49999,5,126 cm (50 inch),2022,40 W,1 Year
Reliance,4,54,9788,21490,35,81 cm (32 inch),2023,24 W,1 Year
Haier,4.2,44,25322,45990,12,109 cm (43 inch),2021,20 W,Unknown
TCL,3.8,41,13490,22990,4,97 cm (32 inch),2025,24 W,1 Year
Bush,4.2,54,25589,55990,12,138 cm (55 inch),2025,24 W,1 Year
Reliance,4,60,11490,28990,35,80 cm (32 inch),2025,24 W,1 Year
Reliance,4,60,11990,29990,35,80 cm (32 inch),2025,24 W,1 Year
Reliance,4,51,10420,21490,11,81 cm (32 inch),2024,24 W,1 year
TOSHIBA,4.1,57,112839.75,201562.5,233.625,215 cm (85 inch),2024,36 W,Unknown
TCL,4,69,112839.75,201562.5,2,31 cm (75 inch),2025,20 W,Unknown
TCL,4.2,63,112839.75,201562.5,19,189 cm (75 inch),2025,60 W,Unknown
TCL,4.2,51,23037,47990,2,108 cm (43 inch),2024,24 W,1 Year
Hisense,4.3,55,30999,69999,233.625,139 cm (55 inch),2023,24 W,Unknown
Panasonic,4.1,30,14490,20990,134,80 cm (32 inch),2023,20 W,1 Year
TOSHIBA,4.1,39,48999,80999,233.625,165 cm (65 inch),2025,24 W,Unknown
Coocaa,4.2,57,42399,99999,110,164 cm (65 inch),2022,30 W,1 Year
TOSHIBA,4.1,48,45999,89999,233.625,164 cm (65 inch),2024,24 W,1 Year
realme,4.2,58,9999,23999,233.625,80 cm (32 inch),2025,40 W,Unknown
Samsung,4.6,17,14750,17900,2,80 cm (32 inch),2025,20 W,2 Year
LG,4.2,30,39199,56190,12,108 cm (43 inch),2025,20 W,1 Year
acerpure,4.2,62,18899,49990,233.625,108 cm (43 inch),2024,20 W,1 Year
MarQ,4.1,56,6599,14999,233.625,60 cm (24 inch),2021,20 W,Unknown
Reliance,4,53,9990,21490,0,81 cm (32 inch),2025,24 W,1 Year
Haier,4.2,31,62990,91990,48,164 cm (65 inch),2025,30 W,1 year
SONY,4.6,31,49770,72900,118,7 cm (50 inch),2024,20 W,1 Year
SONY,4.5,32,42898,63900,0,108 cm (43 inch),2025,20 W,1 Year
SONY,4.5,39,72099,118900,12,8 cm (55 inch),2024,20 W,1 Year
TOSHIBA,4.3,47,59999,114990,1,189 cm (75 inch),2023,36 W,Unknown
Blaupunkt,4,51,62999,129999,4,189 cm (75 inch),2025,80 W,1 Year
Blaupunkt,4,35,44999,69999,4,164 cm (65 inch),2025,80 W,1 Year
Haier,4.4,43,32190,56490,0,109 cm (43 inch),2024,24 W,1 Year
VOIR,4.2,42,14999,25990,12,109 cm (43 inch),2025,24 W,1 Year
TOSHIBA,4.3,43,64999,114999,1,189 cm (75 inch),2024,36 W,1 Year
Samsung,4.2,42,84990,147900,12,163 cm (65 inch),2022,20 W,1 Year
Blaupunkt,4.5,43,26699,46999,1,139 cm (55 inch),2023,60 W,1 Year
SONY,4.6,47,73990,139900,4,9 cm (65 inch),2023,20 W,1 Year
MOTOROLA,4.4,41,28999,49699,41,127 cm (50 inch),2024,20 W,1 year
BPL,3.8,34,17091,25990,0,80 cm (32 inch),2025,20 W,2 Year
SONY,4.5,50,112839.75,201562.5,12,3 cm (75 inch),2024,20 W,1 Year
SONY,4.6,44,54990,99900,4,8 cm (55 inch),2023,20 W,1 Year
TOSHIBA,4.3,54,49999,109999,233.625,164 cm (65 inch),2024,49 W,Unknown
XIAOMI,4,45,38700,70999,233.625,138 cm (55 inch),2024,30 W,Unknown
Kenstar,4.4,57,25799,60999,26,139 cm (55 inch),2025,24 W,1 year
TCL,4.1,57,8999,20990,1,97 cm (32 inch),2024,16 W,1 Year
TOSHIBA,4.3,57,34200,79990,233.625,139 cm (55 inch),2022,49 W,Unknown
acerpure,3.9,51,60999,125290,118,2 cm (75 inch),2025,50 W,1 Year
TOSHIBA,4.3,50,29499,59990,1,139 cm (55 inch),2023,24 W,Unknown
Hisense,4.3,46,112839.75,201562.5,233.625,215 cm (85 inch),2025,30 W,Unknown
Lloyd,3.9,59,11999,29990,8,80 cm (32 inch),2021,20 W,1 Year
Coocaa,4.2,58,33199,79990,107,138 cm (55 inch),2024,40 W,1 Year
SONY,4.5,38,93899,151900,12,9 cm (65 inch),2024,20 W,1 Year
LG,4.4,36,63490,99990,43,139 cm (55 inch),2025,20 W,1-Year
Vu,4.2,30,55990,80000,12,164 cm (65 inch),2025,88 W,Unknown
TCL,4.1,64,98990,201562.5,24,189 cm (75 inch),2025,40 W,Unknown
Sansui,4.2,44,24990,44990,12,109 cm (43 inch),2025,25 W,1 Year
LG,4.2,50,14249,28999,10,80 cm (32 inch),2020,20 W,1 Year
iFFALCON,4.2,67,16599,50990,8,108 cm (43 inch),2024,24 W,1 Year
Thomson,4.4,47,22099,41999,9,126 cm (50 inch),2023,40 W,1 Year
acerpure,3.9,29,112839.75,201562.5,118,254 cm (100 inch),2025,60 W,1 Year
iFFALCON,4.4,54,32600,70990,4,78 cm (55 inch),2020,20 W,1 Year
XIAOMI,4.3,38,33999,54999,6,138 cm (55 inch),2024,30 W,Unknown
VZY,4.2,53,13990,29999,12,80 cm (32 inch),2025,20 W,3 year
XIAOMI,4.3,32,36850,54999,6,138 cm (55 inch),2023,30 W,1 Year
Uniboom,4,74,4999,19990,14,60 cm (24 inch),2025,30 W,1 Year
Daiwa,4.3,58,39052,94990,13,165 cm (65 inch),2024,24 W,1 year
MarQ,4.2,44,9999,18000,71,80 cm (32 inch),2023,20 W,Unknown
SONY,4.2,42,57627,99900,12,8 cm (55 inch),2025,20 W,1 Year
TOSHIBA,4.3,65,112839.75,201562.5,233.625,253 cm (100 inch),2024,50 W,Unknown
acerpure,4.1,62,29849,79990,233.625,139 cm (55 inch),2024,24 W,1 Year
KODAK,4.6,52,61999,129999,0,189 cm (75 inch),2025,70 W,1 Year
Hisense,4.2,23,92199,119990,233.625,189 cm (75 inch),2022,36 W,Unknown
Hyundai,4.2,50,8884,17990,12,80 cm (32 inch),2025,20 W,1 Year
Sansui,4.2,45,10990,19990,12,80 cm (32 inch),2024,20 W,1 Year
Vu,4.5,51,39700,82000,233.625,140 cm (55 inch),2020,20 W,Unknown
Hisense,4.1,55,99999,201562.5,17,190 cm (75 inch),2025,47 W,Unknown
Sansui,4.2,47,20990,39990,12,109 cm (43 inch),2025,20 W,1 Year
MOTOROLA,4.2,40,11999,20000,137,80 cm (32 inch),2023,20 W,1 year
Haier,4.6,45,36866,67490,2,127 cm (50 inch),2023,20 W,1 Year
Haier,4.2,37,62610,100790,12,165 cm (65 inch),2023,30 W,Unknown
VOIR,4.2,57,14990,34990,12,109 cm (43 inch),2024,20 W,1 Year
Haier,4.2,52,58041,120990,2,139 cm (55 inch),2025,50 W,1 year
Metz,3.8,66,24990,74900,3,108 cm (43 inch),2025,30 W,2 Year
LG,4.4,48,112839.75,201562.5,111,139 cm (55 inch),2025,40 W,3 year
TCL,4.2,37,12899,20490,12,81 cm (32 inch),2025,10 W,1 Year
LG,4.2,30,14899,21502,3,80 cm (32 inch),2022,10 W,Unknown
Hisense,4.1,54,49999,109999,17,139 cm (55 inch),2024,49 W,Unknown
Haier,4.5,53,56250,120990,2,140 cm (55 inch),2024,30 W,1 Year
Sansui,3.8,48,17949,34640,0,109 cm (43 inch),2023,20 W,1 Year
Hisense,4.3,50,34999,69999,233.625,139 cm (55 inch),2023,61 W,Unknown
Acer,4,39,48499,79999,211,Unknown,2024,30 W,Unknown
Sansui,4.2,40,12490,20990,12,80 cm (32 inch),2025,20 W,1 Year
SONY,4.5,41,81174,139900,40,9 cm (65 inch),2024,20 W,1 Year
TOSHIBA,4.3,55,112839.75,201562.5,233.625,215 cm (85 inch),2025,61 W,Unknown
Haier,4.2,32,27756,40900,12,2 cm (43 inch),2022,20 W,1 Year
OnePlus,4.3,50,9989,19999,8,80 cm (32 inch),2020,20 W,1 Year
Blaupunkt,4.4,57,64499,149999,3,189 cm (75 inch),2023,60 W,1 Year
Lloyd,3.8,40,15289,25490,2,80 cm (32 inch),2023,20 W,1 Year
Samsung,4.4,31,56990,82900,66,138 cm (55 inch),2024,20 W,2 Year
KODAK,4,47,5499,10499,1,60 cm (24 inch),2020,20 W,1 Year
Hisense,4.2,55,22099,49999,233.625,108 cm (43 inch),2024,24 W,1 Year
TCL,4.1,55,64490,143990,24,164 cm (65 inch),2025,40 W,Unknown
Weston,4.3,7.5,58990,59990,7,140 cm (55 inch),2020,24 W,1 Year
Hisense,4.2,47,33839,63999,233.625,5 cm (58 inch),2025,24 W,1 Year
BPL,4.2,48,21961,42990,12,109 cm (43 inch),2025,20 W,2 Year
Uniboom,4,68,11499,36990,233.625,102 cm (40 inch),2025,30 W,1 Year
TOSHIBA,4.3,43,64999,114990,233.625,164 cm (65 inch),2022,49 W,Unknown
TCL,4.2,58,22099,52990,1,108 cm (43 inch),2022,24 W,Unknown
SONY,4.5,45,43990,79990,40,108 cm (43 inch),2024,20 W,1 Year
XIAOMI,4.3,49,30400,59999,2,125 cm (50 inch),2023,40 W,1 Year
XElectron,4.1,48,17999,34999,168,108 cm (43 inch),2022,24 W,1 Year
acerpure,4.1,58,26799,64990,233.625,126 cm (50 inch),2024,24 W,1 Year
Aiwa,4.3,58,13990,33990,2,28 cm (32 inch),2024,30 W,1 Year
Metz,4.2,63,22990,62990,12,22 cm (43 inch),2025,20 W,2 Year
Sansui,4.2,30,67288,96900,233.625,178 cm (70 inch),2023,24 W,1 year
LG,4.4,70,101880,201562.5,13,164 cm (65 inch),2020,40 W,1 Year
TCL,4.2,80,49999,201562.5,1,189 cm (75 inch),2023,24 W,Unknown
Blaupunkt,3.9,51,21999,45000,29,124 cm (49 inch),2020,30 W,1 Year
Mi,4.4,30,38067,54999,1,8 cm (55 inch),2020,16 W,1 Year
XIAOMI,4.3,23,22999,29999,6,100 cm (40 inch),2023,20 W,1 Year
Vu,4.2,25,48990,65990,12,139 cm (55 inch),2024,124 W,Unknown
Hisense,4.2,46,53999,99999,233.625,164 cm (65 inch),2024,24 W,Unknown
ONIDA,4.2,25,69131,92190,127,189 cm (75 inch),2024,20 W,1 Year
TOSHIBA,4.1,18,81155,99999,233.625,190 cm (75 inch),2025,36 W,Unknown
Panasonic,4.2,36,31740,49990,12,109 cm (43 inch),2025,20 W,1 Year
Haier,4.2,21,26690,33990,12,109 cm (43 inch),2025,20 W,1 year
Hisense,4.2,48,18069,34999,233.625,108 cm (43 inch),2024,30 W,1 Year
LUGOSI,4.2,45,10390,18999,12,80 cm (32 inch),2025,25 W,1 Year
Thomson,4.3,51,16593,33999,5,108 cm (43 inch),2021,40 W,1 Year
Sansui,4.2,50,9990,19990,88,80 cm (32 inch),2022,24 W,1 Year
Samsung,4.1,47,109990,201562.5,2,163 cm (65 inch),2022,20 W,1 Year
LIMEBERRY,4.6,60,8635,21990,0,80 cm (32 inch),2025,24 W,1 Year
Coocaa,4.2,35,28999,44999,110,138 cm (55 inch),2025,30 W,1 Year
Acer,4.3,57,69999,164999,2,9 cm (65 inch),2024,60 W,Unknown
Samsung,4.2,38,53790,87900,12,138 cm (55 inch),2025,20 W,2 Year
Lloyd,3.8,42,12998,22490,3,80 cm (32 inch),2022,20 W,1 Year
TCL,4.2,61,68990,179990,12,189 cm (75 inch),2025,35 W,Unknown
Acer,4,35,77999,119999,233.625,9 cm (65 inch),2024,60 W,Unknown
Micromax,4.3,58,17999,42990,233.625,108 cm (43 inch),2020,20 W,1 Year
Wybor,4.2,49,12006,23930,12,80 cm (32 inch),2021,20 W,Unknown
Hisense,4.3,49,112839.75,201562.5,233.625,253 cm (100 inch),2024,61 W,1 Year
ONIDA,3.8,34,32256,48990,0,125 cm (50 inch),2024,20 W,1 Year
Infinix,4.1,41,34999,59999,233.625,140 cm (55 inch),2023,20 W,1 Year
Haier,3.8,46,28230,52490,0,109 cm (43 inch),2023,40 W,1 Year
ONIDA,3.8,36,27002,42390,0,108 cm (43 inch),2024,20 W,1 Year
Lloyd,4.2,31,47738,70000,12,140 cm (55 inch),2022,20 W,1 Year
XIAOMI,4.4,20,15999,19999,20,80 cm (32 inch),2020,20 W,1 Year
Acer,4.2,49,30399,59999,233.625,139 cm (55 inch),2023,36 W,1 Year
LG,4.5,29,112839.75,169103,233.625,164 cm (65 inch),2020,20 W,1 Year
Samsung,4.3,22,47990,61990,1,125 cm (50 inch),2023,20 W,2 Year
Hisense,4.2,42,86990,149990,233.625,189 cm (75 inch),2024,36 W,Unknown
Aiwa,4.3,53,88990,189990,2,190 cm (75 inch),2024,24 W,1 Year
Haier,3.8,49,13536,26990,0,80 cm (32 inch),2022,20 W,Unknown
REDMI,4.2,42,24900,42999,233.625,108 cm (43 inch),2024,24 W,2 Year
LIMEBERRY,4.2,51,14685,29990,12,100 cm (43 inch),2025,20 W,1 Year
SONY,3.8,74,93203,201562.5,12,9 cm (65 inch),2020,30 W,1 Year
Lloyd,4.2,43,28679,50490,12,109 cm (43 inch),2023,20 W,1 Year
Sansui,4.2,39,30990,51290,12,127 cm (50 inch),2025,30 W,1 Year
realme,4.3,53,16699,35999,23,108 cm (43 inch),2022,24 W,1 Year
Hisense,4.1,57,112839.75,201562.5,17,216 cm (85 inch),2025,61 W,Unknown
Samsung,4.4,39,100899,165800,12,123 cm (49 inch),2020,40 W,Unknown
LG,4.4,43,75990,134990,136,164 cm (65 inch),2022,20 W,1 Year
BPL,4.2,25,11999,15999,12,80 cm (32 inch),2025,20 W,2 Year
TCL,4.1,58,66200,159990,35,164 cm (65 inch),2021,24 W,2 Year
TCL,4.2,60,112839.75,201562.5,19,215 cm (85 inch),2025,60 W,Unknown
realme,4.4,52,37799,79199,82,165 cm (65 inch),2024,44 W,Unknown
MOTOROLA,4.3,48,24899,47899,233.625,127 cm (50 inch),2023,20 W,1 year
LG,4.2,24,75024,98970,12,164 cm (65 inch),2025,20 W,1 Year
Thomson,4.4,43,84999,149999,21,189 cm (75 inch),2025,108 W,1 Year
LG,4.4,43,40599,71990,233.625,139 cm (55 inch),2023,20 W,1 Year
TCL,4.2,60,112839.75,201562.5,19,248 cm (98 inch),2025,60 W,Unknown
SONY,4.6,30,55353,79900,13,7 cm (50 inch),2024,20 W,1 Year
Sansui,4.5,40,51990,87190,1,178 cm (70 inch),2023,20 W,1 Year
Vu,4.2,38,45999,75000,233.625,164 cm (65 inch),2023,50 W,1 Year
Sansui,4.2,35,27990,43190,12,109 cm (43 inch),2025,30 W,1 Year
VOIR,4.2,55,8990,19999,12,80 cm (32 inch),2024,20 W,1 Year
Panasonic,4.3,34,41490,62990,56,139 cm (55 inch),2023,20 W,1 Year
SONY,4.6,44,90990,164900,12,9 cm (65 inch),2023,20 W,1 Year
Hisense,4.1,51,38700,79990,134,139 cm (55 inch),2022,24 W,Unknown
NOAX,4.2,37,10940,17500,12,80 cm (32 inch),2024,20 W,1 Year
Panasonic,4.1,36,60751,94990,3,164 cm (65 inch),2023,20 W,1 Year
SONY,4.2,43,112839.75,201562.5,12,8 cm (85 inch),2024,70 W,1 Year
TCL,4.2,55,67204,149990,12,5 cm (75 inch),2024,35 W,1 Year
Hisense,4.2,42,25990,44999,233.625,108 cm (43 inch),2023,24 W,Unknown
TOSHIBA,4.3,54,112839.75,201562.5,233.625,215 cm (85 inch),2024,36 W,Unknown
MOTOROLA,4.4,24,37199,48999,229,127 cm (50 inch),2021,50 W,1 year
Reintech,4.2,41,8999,15499,12,80 cm (32 inch),2022,15 W,Unknown
TCL,4.4,61,112839.75,201562.5,6,215 cm (85 inch),2025,60 W,Unknown
Thomson,4.1,46,7999,14990,4,80 cm (32 inch),2020,20 W,1 Year
Dor,3.8,20,27894,34999,233.625,109 cm (43 inch),2024,40 W,Unknown
Aiwa,4.3,59,38691,94990,2,7 cm (55 inch),2024,20 W,1 Year
TCL,4.4,59,72990,179990,6,139 cm (55 inch),2025,60 W,Unknown
Samsung,4.2,29,49990,70990,12,138 cm (55 inch),2022,20 W,1 Year
Lloyd,4.2,58,82967,199999,12,189 cm (75 inch),2022,20 W,1 Year
TCL,4.2,64,56990,159990,12,164 cm (65 inch),2025,35 W,Unknown
Samsung,4.2,19,112839.75,201562.5,12,214 cm (85 inch),2025,20 W,2 Year
ONIDA,4.2,21,51085,64990,127,165 cm (65 inch),2023,24 W,1 Year
Samsung,4.2,50,104990,201562.5,12,163 cm (65 inch),2021,20 W,1 Year
iFFALCON,4.2,54,8999,19990,8,97 cm (32 inch),2024,16 W,1 Year
Samsung,4.2,34,51990,79900,12,125 cm (50 inch),2025,20 W,1 Year
ONIDA,4.1,34,22999,34990,172,108 cm (43 inch),2023,24 W,1 Year
SONY,4.6,32,40511,59900,13,108 cm (43 inch),2024,20 W,1 Year
Hisense,4.1,46,112839.75,201562.5,17,253 cm (100 inch),2025,61 W,Unknown
Vu,4.4,36,50899,80000,233.625,163 cm (65 inch),2020,30 W,1 Year
LG,4.4,41,64499,109990,43,139 cm (55 inch),2024,20 W,1 Year
VOIR,4.2,49,8499,16990,12,80 cm (32 inch),2025,24 W,1 Year
Sansui,4.1,37,12490,19990,9,80 cm (32 inch),2023,20 W,1 Year
Aiwa,4.3,55,26800,59990,2,22 cm (43 inch),2024,40 W,1 Year
Samsung,4.2,49,112839.75,201562.5,12,92 cm (98 inch),2024,20 W,2 Year
LG,4.3,45,96990,178990,1,164 cm (65 inch),2025,20 W,1-Year
VOIR,4.2,60,7990,19990,12,80 cm (32 inch),2024,20 W,1 Year
LG,4.4,48,56990,109990,136,139 cm (55 inch),2021,20 W,1 Year
Samsung,4.2,37,91990,147990,12,163 cm (65 inch),2025,20 W,2 Year
LG,4.2,25,53899,72790,12,139 cm (55 inch),2025,20 W,1 Year
VZY,4.2,50,27990,56990,12,109 cm (43 inch),2025,40 W,3 Year
TCL,4.2,61,112839.75,201562.5,12,248 cm (98 inch),2025,40 W,Unknown
SONY,4.2,34,112839.75,201562.5,12,189 cm (75 inch),2022,30 W,3 Year
Lloyd,4.2,32,17090,25490,12,80 cm (32 inch),2024,20 W,1 Year
Sansui,3.8,39,12990,21490,0,80 cm (32 inch),2025,20 W,1 Year
TCL,4.2,58,32900,78990,12,139 cm (55 inch),2025,20 W,Unknown
Haier,4.2,47,22790,43490,12,108 cm (43 inch),2021,20 W,Unknown
OnePlus,4.6,62,59990,159999,17,163 cm (65 inch),2023,70 W,Unknown
Acer,4.4,21,61810,78990,2,178 cm (70 inch),2023,24 W,Unknown
LG,4.4,49,90990,178990,43,164 cm (65 inch),2025,20 W,1-Year
Samsung,3.8,28,102099,143700,1,123 cm (49 inch),2020,40 W,1 Year
Samsung,3.8,38,37823,61600,0,138 cm (55 inch),2024,20 W,2 Year
TCL,3.8,50,73699,149900,0,8 cm (65 inch),2020,16 W,Unknown
SONY,4.6,44,38699,69900,4,108 cm (43 inch),2022,20 W,1 Year
Hyundai,4.2,44,30402,54990,12,126 cm (50 inch),2024,20 W,Unknown
TCL,3.8,53,21490,45900,1,108 cm (43 inch),2024,18 W,Unknown
Samsung,4.2,38,53469,86500,12,163 cm (65 inch),2024,20 W,2 Year
Samsung,4.6,13,112839.75,201562.5,0,58 cm (77 inch),2024,70 W,2 Year
SONY,4.6,42,94990,164900,4,9 cm (65 inch),2022,20 W,1 Year
Samsung,4.4,39,45299,74500,2,146 cm (58 inch),2021,20 W,2 Year
LG,4.3,34,112839.75,201562.5,1,217 cm (86 inch),2025,20 W,1-Year
Samsung,4.6,31,31620,45900,1,108 cm (43 inch),2024,20 W,2 Year
Micromax,4,20,22392,27990,1,81 cm (32 inch),2020,20 W,Unknown
LG,4.6,35,112839.75,201562.5,1,164 cm (65 inch),2020,40 W,1 Year
BPL,3.8,38,12290,20000,0,80 cm (32 inch),2023,20 W,Unknown
Sansui,4,30,44689,63890,1,165 cm (65 inch),2023,24 W,1 Year
acerpure,4.2,59,40765,99990,233.625,164 cm (65 inch),2024,24 W,1 Year
Aiwa,4.2,47,18487,34990,12,22 cm (43 inch),2024,16 W,1 Year
Lloyd,4.6,39,15349,25490,1,80 cm (32 inch),2024,20 W,1 Year
Sansui,4.2,33,25959,38990,233.625,109 cm (43 inch),2020,20 W,1 Year
TCL,4.1,63,108990,201562.5,61,189 cm (75 inch),2025,40 W,Unknown
Samsung,4.2,41,75300,128900,12,163 cm (65 inch),2025,20 W,1 Year
LG,4.2,35,42735,66290,12,139 cm (55 inch),2025,20 W,1-Year
Samsung,4.6,31,41277,60700,0,108 cm (43 inch),2025,20 W,2 Year
iFFALCON,4.2,69,18399,60990,8,126 cm (50 inch),2022,24 W,1 Year
Lloyd,3.8,46,22669,42490,0,109 cm (43 inch),2023,20 W,1 Year
Samsung,4.1,30,55515,79990,2,108 cm (43 inch),2022,20 W,1 Year
Coocaa,4.1,51,26399,53990,97,127 cm (50 inch),2020,20 W,1 Year
LG,4.4,36,48990,76900,2,139 cm (55 inch),2022,20 W,1 Year
Panasonic,4.3,33,28550,42990,56,108 cm (43 inch),2023,20 W,1 Year
LG,4.2,7.5,112839.75,201562.5,12,1 cm (65 inch),2021,20 W,1 Year
Sansui,4.2,7.5,21499,22990,12,Unknown,2020,10 W,1 Year
ONIDA,3.8,29,37788,53490,0,138 cm (55 inch),2024,20 W,1 Year
XIAOMI,4.3,23,38350,49999,6,8 cm (55 inch),2020,20 W,1 Year
Samsung,4.4,29,45199,64400,215,138 cm (55 inch),2021,20 W,1 Year
LG,4.6,42,96099,166990,6,139 cm (55 inch),2020,20 W,Unknown
VOIR,4.2,41,13499,22990,12,100 cm (40 inch),2025,24 W,1 Year
Vu,4.2,41,34990,60000,12,126 cm (50 inch),2025,88 W,Unknown
Vu,4.2,12,68490,78300,12,164 cm (65 inch),2025,124 W,Unknown
Reliance,3.8,57,18990,44990,0,109 cm (43 inch),2025,24 W,1 Year
Reintech,4.2,50,28999,58399,12,127 cm (50 inch),2025,24 W,Unknown
LG,4.2,51,57990,119990,12,139 cm (55 inch),2021,20 W,1 Year
Samsung,4.6,52,63470,134900,0,139 cm (55 inch),2020,20 W,1 Year
Reintech,4.2,27,11999,16599,12,80 cm (32 inch),2025,15 W,Unknown
LG,4.1,60,99999,201562.5,1,164 cm (65 inch),2020,20 W,1 Year
Blaupunkt,4.2,46,18000,58444.5,233.625,80 cm (32 inch),2020,30 W,1 Year
Samsung,3.8,41,41300,70800,0,125 cm (50 inch),2025,20 W,2 Year
LG,4.3,40,112839.75,201562.5,1,189 cm (75 inch),2025,20 W,1-Year
skylive,4.2,55,16947,37999,12,22 cm (43 inch),2024,20 W,Unknown
SONY,4.6,35,112839.75,201562.5,1,9 cm (65 inch),2020,60 W,1 Year
SONY,4.2,46,112839.75,201562.5,12,189 cm (75 inch),2022,20 W,1 Year
SONY,4.6,27,94147,129990,1,139 cm (55 inch),2020,20 W,1 Year
LG,4.5,42,51990,89990,233.625,139 cm (55 inch),2021,20 W,1 Year
VZY,4.6,43,39990,70990,2,139 cm (55 inch),2025,50 W,Unknown
STARSHINE,4.6,31,12993,18999,1,80 cm (32 inch),2024,20 W,Unknown
Samsung,4.4,32,89999,132600,2,138 cm (55 inch),2020,20 W,1 Year
Samsung,4.2,35,67590,104990,12,163 cm (65 inch),2025,20 W,2 Year
Hisense,4.2,72,112839.75,201562.5,12,189 cm (75 inch),2021,36 W,Unknown
LG,4.3,30,48990,69990,0,127 cm (50 inch),2021,20 W,Unknown
Panasonic,4.3,35,9999,15600,42,60 cm (24 inch),2020,6 W,1 Year
BPL,4.2,47,27577,52990,12,108 cm (43 inch),2025,20 W,2 Year
iFFALCON,4.2,48,9700,18999,4,97 cm (32 inch),2020,16 W,1 Year
SONY,4.3,34,56890,86318,8,7 cm (50 inch),2022,20 W,1 Year
Samsung,4,38,24999,40400,0,108 cm (43 inch),2022,20 W,1 Year
Acer,4,46,22990,42990,17,108 cm (43 inch),2024,24 W,Unknown
Samsung,4.2,28,45450,63400,12,125 cm (50 inch),2025,20 W,1 Year
Metz,4.2,66,59990,179900,12,164 cm (65 inch),2025,30 W,2 Year
Samsung,4.2,18,112839.75,201562.5,12,163 cm (65 inch),2020,20 W,1 Year
Samsung,4.2,65,112839.75,201562.5,12,189 cm (75 inch),2020,40 W,1 Year
BPL,3.8,46,13790,25990,0,80 cm (32 inch),2023,32 W,Unknown
Panasonic,4.3,25,63150,84900,25,108 cm (43 inch),2020,20 W,1 Year
LG,4,57,89999,201562.5,0,164 cm (65 inch),2020,20 W,1 Year
SONY,4.5,21,27990,35449,4,80 cm (32 inch),2022,20 W,1 Year
KODAK,4.3,48,9499,18499,7,80 cm (32 inch),2020,24 W,1 Year
BPL,4.2,35,11690,17990,12,80 cm (32 inch),2025,24 W,1 Year
Compaq,4.1,80,12606,64999,233.625,146 cm (58 inch),2021,24 W,1 Year
TCL,4.2,57,33900,78990,12,7 cm (55 inch),2025,24 W,Unknown
INVANTER,4.2,36,11500,17990,1,80 cm (32 inch),2023,20 W,1 Year
Panasonic,4.6,24,24240,31990,1,108 cm (43 inch),2023,20 W,1 Year
Samsung,4.2,39,55990,91900,221,108 cm (43 inch),2022,20 W,1 Year
Samsung,4.6,23,112839.75,201562.5,0,7 cm (55 inch),2024,70 W,2 Year
Panasonic,4.2,37,16990,26990,12,80 cm (32 inch),2025,20 W,1 Year
Samsung,4.2,30,99899,143900,12,189 cm (75 inch),2025,20 W,1 Year
BPL,3.8,36,19678,31000,0,109 cm (43 inch),2023,24 W,Unknown
LG,4.4,31,14800,21735,12,28 cm (32 inch),2021,10 W,Unknown
Samsung,4.2,28,43350,60900,12,125 cm (50 inch),2025,20 W,2 Year
Qthin,4.2,33,15256,22990,12,109 cm (43 inch),2024,12 W,Unknown
iMEE,4.2,25,14999,19999,3,80 cm (32 inch),2021,20 W,Unknown
Samsung,4.2,41,51480,87900,12,138 cm (55 inch),2025,20 W,1 Year
LIMEBERRY,4.2,72,10499,37999,12,81 cm (32 inch),2023,24 W,1 Year
Lloyd,4.6,12,78390,89990,1,140 cm (55 inch),2021,20 W,1 Year
Samsung,4.2,45,74990,137900,12,163 cm (65 inch),2022,20 W,1 Year
Panasonic,4.2,39,50510,82990,12,139 cm (55 inch),2023,20 W,1 Year
BPL,3.8,50,12890,25990,0,80 cm (32 inch),2023,60 W,Unknown
LG,4.3,19,50999,63233,7,7 cm (55 inch),2022,20 W,Unknown
Samtonic,3.9,70,7299,24900,9,80 cm (32 inch),2023,24 W,Unknown
Samsung,4.2,38,112839.75,193500,12,189 cm (75 inch),2025,20 W,1 Year
Samsung,4.6,33,61990,93400,0,138 cm (55 inch),2025,20 W,2 Year
Panasonic,4.2,25,31990,42999,12,110 cm (43 inch),2022,16 W,1 Year
Samsung,4.2,44,112839.75,201562.5,12,190 cm (75 inch),2022,20 W,1 Year
SONY,4.6,36,112839.75,201562.5,1,9 cm (65 inch),2022,30 W,1 Year
Samsung,4.1,27,67699,93900,1,7 cm (55 inch),2024,20 W,2 Year
Panasonic,4.2,32,14820,21990,12,80 cm (32 inch),2025,20 W,1 Year
Samsung,4.6,43,112839.75,201562.5,34,138 cm (55 inch),2021,60 W,1 Year
Sansui,4.2,25,59829,79990,110,165 cm (65 inch),2022,24 W,1 Year
Samsung,4.2,31,91987,134990,12,189 cm (75 inch),2025,20 W,1 Year
Samsung,4.4,36,63990,99990,66,138 cm (55 inch),2023,20 W,1 year
Samsung,4.2,41,85118,144900,221,138 cm (55 inch),2022,40 W,1 Year
Lloyd,4.2,39,14849,24490,12,80 cm (32 inch),2023,20 W,1 Year
Reliance,3.8,50,29990,59990,1,139 cm (55 inch),2024,24 W,1 year
Samsung,4.2,52,109990,201562.5,12,165 cm (65 inch),2020,20 W,1 Year
Haier,4,21,15790,19990,1,80 cm (32 inch),2020,20 W,1Year
INVANTER,4.2,32,13500,19990,12,80 cm (32 inch),2023,40 W,1 Year
Samsung,4.2,32,34850,51900,12,108 cm (43 inch),2025,20 W,1 Year
VONE,4.2,39,10599,17500,12,80 cm (32 inch),2024,15 W,1 Year
Samsung,4.2,36,98863,156600,12,1 cm (65 inch),2024,20 W,2 Year
LEEMA,3.9,57,8447,19990,9,80 cm (32 inch),2020,16 W,Unknown
BPL,4.2,51,47990,99000,12,165 cm (65 inch),2021,20 W,Unknown
Panasonic,4.2,23,112839.75,149990,12,190 cm (75 inch),2023,20 W,1 Year
LEEMA,3.8,55,8947,19999,0,80 cm (32 inch),2024,24 W,1 Year
Haier,4.2,40,112839.75,201562.5,12,189 cm (75 inch),2024,60 W,1 year
LG,4.5,57,54990,129990,4,139 cm (55 inch),2020,20 W,1 Year
Samsung,3.8,32,47845,70900,1,139 cm (55 inch),2022,20 W,1 Year
Samsung,4,40,14760,24999,9,80 cm (32 inch),2025,20 W,2 Year
iMEE,4.2,30,27705,39999,12,108 cm (43 inch),2021,24 W,Unknown
BPL,4.2,48,13999,27000,1,80 cm (32 inch),2020,16 W,Unknown
JVC,4.2,39,60460,99990,12,164 cm (65 inch),2023,24 W,Unknown
JVC,4.2,40,59538,99990,12,164 cm (65 inch),2022,24 W,Unknown
BPL,4.2,39,36154,60000,12,127 cm (50 inch),2020,16 W,Unknown
BPL,4.6,37,19392,31000,0,109 cm (43 inch),2024,18 W,Unknown
INVANTER,4.2,33,14000,20990,12,80 cm (32 inch),2023,20 W,1 Year
LIMEBERRY,4.2,56,16565,37999,12,109 cm (43 inch),2023,24 W,1 Year
Qthin,4.2,26,18482,24990,12,109 cm (43 inch),2024,18 W,Unknown
BPL,4.2,30,31334,45000,12,109 cm (43 inch),2022,20 W,Unknown
Sansui,4.2,40,24289,40490,12,109 cm (43 inch),2025,30 W,1 Year
Onix,4.2,52,8962,18990,12,80 cm (32 inch),2024,20 W,1 Year
ZEBRONICS,4,69,6999,22999,3,80 cm (32 inch),2023,20 W,1 Year
Panasonic,4.2,46,40990,75990,12,139 cm (55 inch),2021,20 W,1 Year
LG,4.2,24,54890,72790,12,139 cm (55 inch),2025,20 W,1 Year
SONY,4.2,49,112839.75,201562.5,12,189 cm (75 inch),2025,20 W,1 YEAR
LG,4.2,33,55499,82890,12,139 cm (55 inch),2025,20 W,1 Year
LG,4.4,35,102599,159990,43,164 cm (65 inch),2024,20 W,1 Year
Panasonic,4.2,28,16520,22990,12,80 cm (32 inch),2023,20 W,1 Year
Samsung,3.8,32,71974,105900,1,138 cm (55 inch),2023,20 W,1 Year
SONY,4.5,36,81990,128990,40,9 cm (65 inch),2025,20 W,1 Year
Samsung,4.2,32,47940,70900,12,138 cm (55 inch),2025,20 W,2 Year
LG,4.6,38,92199,149990,10,139 cm (55 inch),2020,20 W,1 Year
EARTHONIC,4.2,33,13399,19999,12,80 cm (32 inch),2024,20 W,1 Year
IAIR,3.8,49,35599,70999,14,140 cm (55 inch),2024,24 W,Unknown
LG,3.8,36,112839.75,201562.5,1,189 cm (75 inch),2020,20 W,1 Year
SONY,4.6,33,56890,84990,1,126 cm (50 inch),2021,20 W,1 Year
iMEE,4.2,60,15999,39999,12,108 cm (43 inch),2023,20 W,Unknown
TCL,4.2,64,35990,99990,12,139 cm (55 inch),2025,35 W,Unknown
Blaupunkt,4.1,52,20999,44000,233.625,124 cm (49 inch),2020,30 W,1 Year
Samsung,4.2,7.5,112839.75,201562.5,12,214 cm (85 inch),2023,20 W,1 Year
VOIR,4.2,62,29990,79990,12,139 cm (55 inch),2024,24 W,1 Year
LG,4.2,15,81890,96790,12,165 cm (65 inch),2025,20 W,1 Year
Lloyd,4.2,37,16999,26990,12,80 cm (32 inch),2022,20 W,1 Year
Samsung,4.2,34,64600,98500,12,163 cm (65 inch),2024,20 W,2 Year
Panasonic,4.2,36,42910,67990,12,139 cm (55 inch),2023,20 W,1 Year
Lloyd,4.2,43,58999,104990,12,164 cm (65 inch),2022,20 W,1 Year
Samsung,3.8,46,92900,175000,0,189 cm (75 inch),2024,20 W,2 Year
Panasonic,4.2,28,15688,21990,12,80 cm (32 inch),2025,20 W,1 Year
BPL,4.2,16,26677,31990,12,109 cm (43 inch),2025,20 W,2 Year
Samsung,3.8,31,44701,64990,0,125 cm (50 inch),2024,20 W,2 Year
SONY,4.2,43,84990,149990,12,139 cm (55 inch),2022,20 W,1 Year
Samsung,4.2,35,85970,132600,12,189 cm (75 inch),2025,20 W,2 Year
ONIDA,4.2,30,13993,19990,12,80 cm (32 inch),2025,20 W,1 Year
Samsung,4.6,27,39998,54900,1,109 cm (43 inch),2023,20 W,1 Year
XElectron,4.2,50,8999,17999,12,80 cm (32 inch),2025,20 W,1Year
ONIDA,4.2,30,24493,34990,12,108 cm (43 inch),2025,20 W,1 Year
BPL,4.2,42,23962,42000,12,109 cm (43 inch),2023,32 W,1 Year
Lloyd,4.4,10,58999,66090,7,109 cm (43 inch),2021,20 W,1 Year
cenit,4.2,40,25999,43999,12,109 cm (43 inch),2021,20 W,Unknown
Acer,4.2,16,27433,32999,233.625,108 cm (43 inch),2023,30 W,1 Year
SONY,4.2,34,112839.75,201562.5,12,7 cm (98 inch),2025,40 W,1 Year
BPL,4.2,27,38890,53499,12,126 cm (50 inch),2023,32 W,1 Year
Dish,4.2,48,24965,48499,12,22 cm (43 inch),2023,20 W,1 Year
Haier,4.4,21,16558,21140,1,80 cm (32 inch),2023,10 W,Unknown
Swan,4.2,37,10010,15950,12,80 cm (32 inch),2023,20 W,Unknown
Coocaa,4.2,46,42999,79999,12,164 cm (65 inch),2025,30 W,1 Year
Panasonic,4.2,49,66119,129990,12,139 cm (55 inch),2023,20 W,1 Year
Samsung,4.6,27,57002,78900,0,138 cm (55 inch),2024,20 W,2 Year
LG,4.2,26,66000,89990,12,139 cm (55 inch),2024,20 W,1 Year
Haier,3.8,15,28577,34000,1,108 cm (43 inch),2023,20 W,1 Year
Coocaa,4.2,49,32999,64999,12,138 cm (55 inch),2025,30 W,1 Year
BPL,3.8,11,23864,27000,1,80 cm (32 inch),2021,16 W,Unknown
Haier,4.2,49,57937,114990,12,139 cm (55 inch),2023,24 W,2year
Plus,4.2,17,112839.75,201562.5,12,165 cm (65 inch),2025,24 W,1 Year
Hisense,4.2,49,55490,109990,12,164 cm (65 inch),2025,30 W,Unknown
Sansui,4.2,42,12990,22490,12,80 cm (32 inch),2025,20 W,1 YEAR
Sharp,3.8,7.5,24950,25990,0,81 cm (32 inch),2020,20 W,Unknown
Hisense,4.2,48,41490,79990,12,139 cm (55 inch),2025,49 W,Unknown
BPL,4.2,29,29764,42000,12,109 cm (43 inch),2023,20 W,Unknown
Panasonic,4.2,19,72877,90990,12,163 cm (65 inch),2025,20 W,1 Year
Elista,4.2,54,27499,59990,12,126 cm (50 inch),2025,20 W,Unknown
Metz,4.6,56,12990,29990,0,28 cm (32 inch),2025,20 W,2 Year
Weston,4.4,7.5,48990,49990,5,124 cm (49 inch),2020,40 W,1 Year
TRUSENSE,4.2,24,26474,35000,12,109 cm (43 inch),2023,24 W,Unknown
LG,4.2,52,79990,169990,12,1 cm (65 inch),2021,20 W,1 Year
Samsung,4.4,14,107799,125800,5,123 cm (49 inch),2020,20 W,1 Year
LG,4.2,59,110615,201562.5,12,190 cm (75 inch),2020,20 W,1 Year
Reintech,4.2,35,16999,26499,12,109 cm (43 inch),2020,20 W,Unknown
Reliance,4.2,55,20990,46990,12,109 cm (43 inch),2025,24 W,1 Year
Metz,3.8,63,39990,109900,1,138 cm (55 inch),2025,30 W,2 Year
Acer,4.3,64,6999,19990,233.625,80 cm (32 inch),2021,24 W,1 Year
RGL,3.8,52,8003,16990,7,80 cm (32 inch),2020,16 W,Unknown
TOSHIBA,4.3,55,44499,99999,233.625,165 cm (65 inch),2024,20 W,1 Year
Reliance,4.2,50,29990,59990,12,139 cm (55 inch),2025,24 W,1 Year
Sansui,4.2,55,71680,161910,12,190 cm (75 inch),2025,30 W,1 Year
EARTHONIC,4.2,54,12402,26999,12,82 cm (32 inch),2025,32 W,1 Year
TRUSENSE,4.2,29,31938,45000,12,126 cm (50 inch),2023,24 W,Unknown
EARTHONIC,4.2,53,33236,71999,12,139 cm (55 inch),2025,60 W,1 Year
KODAK,3.8,46,16900,58444.5,59,80 cm (32 inch),2020,20 W,1 Year
LG,4.5,42,74990,129990,233.625,164 cm (65 inch),2021,20 W,1 Year
Unknown,4.2,46,1260,58444.5,12,Unknown,2020,10 W,Unknown
LG,4.2,34,84990,129990,12,164 cm (65 inch),2022,20 W,1 Year
STARSHINE,4.2,31,21899,31999,12,108 cm (43 inch),2024,24 W,Unknown
LG,4.6,45,52095,94990,1,7 cm (55 inch),2021,20 W,1 Year
LG,4.2,41,49990,84990,12,7 cm (55 inch),2020,20 W,1 Year
LG,4.2,39,84990,139990,12,1 cm (65 inch),2021,20 W,1 Year
RGL,3.8,46,15990,29990,0,99 cm (39 inch),2020,20 W,Unknown
Metz,4.2,69,54990,179900,12,164 cm (65 inch),2025,30 W,2 Year
